Model,MSE,MAE
LSTM,0.22230881452560425,0.3985072076320648
ARIMA-LSTM Hybrid,0.21150237321853638,0.3968869149684906
